province,district,subdistrict,sales
Amnat Charoen,Mueang Amnat Charoen,Bung,66342
Amnat Charoen,Mueang Amnat Charoen,Non Nam Thaeng,19171
Ang Thong,Mueang Ang Thong,Ban Hae,68231
Ang Thong,Mueang Ang Thong,Ban It,98260
Ang Thong,Mueang Ang Thong,Ban Ri,99327
Ang Thong,Mueang Ang Thong,Bang Kaeo,75796
Ang Thong,Mueang Ang Thong,Champa Lo,38010
Ang Thong,Mueang Ang Thong,Hua Phai,86909
Ang Thong,Mueang Ang Thong,Khlong Wua,2489
Ang Thong,Mueang Ang Thong,Pa Ngio,96562
Ang Thong,Mueang Ang Thong,Pho Sa,24862
Ang Thong,Mueang Ang Thong,Sala Daeng,32510
Ang Thong,Mueang Ang Thong,Talat Kruat,25340
Ang Thong,Mueang Ang Thong,Talat Luang,50852
Ang Thong,Mueang Ang Thong,Yan Sue,94649
Bangkok,Bang Bon,Bang Bon,84949
Bangkok,Bang Kapi,Hua Mak,592
Bangkok,Bang Kapi,Khlong Chan,27166
Bangkok,Bang Khae,Bang Khae,6472
Bangkok,Bang Khae,Bang Khae Nuea,1206
Bangkok,Bang Khae,Bang Phai,50258
Bangkok,Bang Khae,Lak Song,90308
Bangkok,Bang Khen,Anusawari,23693
Bangkok,Bang Khen,Tha Raeng,3989
Bangkok,Bang Kho Laem,Bang Khlo,77418
Bangkok,Bang Kho Laem,Bang Kho Laem,71261
Bangkok,Bang Kho Laem,Wat Phraya Krai,75703
Bangkok,Bang Khun Thian,Samae Dam,22144
Bangkok,Bang Khun Thian,Tha Kham,53309
Bangkok,Bang Na,Bang Na,34583
Bangkok,Bang Phlat,Bang Bamru,58276
Bangkok,Bang Phlat,Bang O,67538
Bangkok,Bang Phlat,Bang Phlat,3319
Bangkok,Bang Phlat,Bang Yi Khan,86313
Bangkok,Bang Rak,Bang Rak,38174
Bangkok,Bang Rak,Maha Phruettharam,18416
Bangkok,Bang Rak,Si Lom,5329
Bangkok,Bang Rak,Si Phraya,3773
Bangkok,Bang Rak,Suriyawong,27811
Bangkok,Bang Sue,Bang Sue,67215
Bangkok,Bang Sue,Wong Sawang,36374
Bangkok,Bangkok Noi,Arun Ammarin,57207
Bangkok,Bangkok Noi,Ban Chang Lo,13764
Bangkok,Bangkok Noi,Bang Khun Non,34666
Bangkok,Bangkok Noi,Bang Khun Si,83179
Bangkok,Bangkok Noi,Sirirat,6102
Bangkok,Bangkok Yai,Wat Arun,60485
Bangkok,Bangkok Yai,Wat Tha Phra,86869
Bangkok,Bueng Kum,Khlong Kum,58394
Bangkok,Bueng Kum,Nawamin,97274
Bangkok,Bueng Kum,Nuan Chan,4805
Bangkok,Chatuchak,Chantharakasem,3873
Bangkok,Chatuchak,Chatuchak,4297
Bangkok,Chatuchak,Chomphon,52726
Bangkok,Chatuchak,Lat Yao,75621
Bangkok,Chatuchak,Sena Nikhom,70996
Bangkok,Chom Thong,Bang Kho,13680
Bangkok,Chom Thong,Bang Khun Thian,18584
Bangkok,Chom Thong,Bang Mot,42193
Bangkok,Chom Thong,Chom Thong,58697
Bangkok,Din Daeng,Din Daeng,89988
Bangkok,Don Mueang,Don Mueang,48385
Bangkok,Don Mueang,Sanam Bin,7145
Bangkok,Don Mueang,Si Kan,65140
Bangkok,Dusit,Dusit,71571
Bangkok,Dusit,Si Yaek Mahanak,77408
Bangkok,Dusit,Suan Chitlada,49527
Bangkok,Dusit,Thanon Nakhon Chaisi,55457
Bangkok,Dusit,Wachira Phayaban,3773
Bangkok,Huai Khwang,Bang Kapi,99751
Bangkok,Huai Khwang,Huai Khwang,9289
Bangkok,Huai Khwang,Sam Sen Nok,54030
Bangkok,Khan Na Yao,Khan Na Yao,58467
Bangkok,Khan Na Yao,Ram Inthra,48523
Bangkok,Khlong Sam Wa,Bang Chan,70930
Bangkok,Khlong Sam Wa,Sai Kong Din,61326
Bangkok,Khlong Sam Wa,Sai Kong Din Tai,76551
Bangkok,Khlong Sam Wa,Sam Wa Tawan Ok,35
Bangkok,Khlong Sam Wa,Sam Wa Tawan Tok,42455
Bangkok,Khlong San,Bang Lamphu Lang,66217
Bangkok,Khlong San,Khlong San,63303
Bangkok,Khlong San,Khlong Ton Sai,31477
Bangkok,Khlong San,Somdet Chaophraya,361
Bangkok,Khlong Toei,Khlong Tan,70013
Bangkok,Khlong Toei,Khlong Toei,58667
Bangkok,Khlong Toei,Phra Khanong,7956
Bangkok,Lak Si,Talat Bang Khen,7071
Bangkok,Lak Si,Thung Song Hong,40122
Bangkok,Lat Krabang,Khlong Sam Prawet,82891
Bangkok,Lat Krabang,Khlong Song Ton Nun,12951
Bangkok,Lat Krabang,Khum Thong,81444
Bangkok,Lat Krabang,Lam Pla Thio,89727
Bangkok,Lat Krabang,Lat Krabang,66347
Bangkok,Lat Krabang,Thap Yao,46387
Bangkok,Lat Phrao,Chorakhe Bua,35574
Bangkok,Lat Phrao,Lat Phrao,35173
Bangkok,Min Buri,Min Buri,47831
Bangkok,Min Buri,Saen Saep,4639
Bangkok,Nong Chok,Khlong Sip,45210
Bangkok,Nong Chok,Khlong Sip Song,62030
Bangkok,Nong Chok,Khok Faet,67690
Bangkok,Nong Chok,Khu Fung Nuea,55939
Bangkok,Nong Chok,Krathum Rai,34167
Bangkok,Nong Chok,Lam Phak Chi,52900
Bangkok,Nong Chok,Lam Toiting,48920
Bangkok,Nong Chok,Nong Chok,77499
Bangkok,Nong Khaem,Nong Khaem,82052
Bangkok,Nong Khaem,Nong Khang Phlu,78896
Bangkok,Pathum Wan,Lumphini,59845
Bangkok,Pathum Wan,Pathum Wan,47598
Bangkok,Pathum Wan,Rong Mueang,50292
Bangkok,Pathum Wan,Wang Mai,75321
Bangkok,Phasi Charoen,Bang Chak,71737
Bangkok,Phasi Charoen,Bang Duan,94666
Bangkok,Phasi Charoen,Bang Wa,94560
Bangkok,Phasi Charoen,Bang Waek,47085
Bangkok,Phasi Charoen,Khlong Khwang,79713
Bangkok,Phasi Charoen,Khuha Sawan,61990
Bangkok,Phasi Charoen,Pak Khlong Phasi Charoen,44887
Bangkok,Phaya Thai,Sam Sen Nai,84905
Bangkok,Phra Khanong,Bang Chak,64121
Bangkok,Phra Nakhon,Ban Phan Thom,42909
Bangkok,Phra Nakhon,Bang Khun Phrom,45580
Bangkok,Phra Nakhon,Bowon Niwet,94147
Bangkok,Phra Nakhon,Chana Songkhram,27949
Bangkok,Phra Nakhon,Phraborom Maharatchawang,17217
Bangkok,Phra Nakhon,Samran Rat,70476
Bangkok,Phra Nakhon,San Chaopho Suea,45202
Bangkok,Phra Nakhon,Sao Chingcha,80354
Bangkok,Phra Nakhon,Talat Yot,62793
Bangkok,Phra Nakhon,Wang Burapha Phirom,56399
Bangkok,Phra Nakhon,Wat Ratchabophit,86597
Bangkok,Phra Nakhon,Wat Sam Phraya,10459
Bangkok,Pom Prap Sattru Phai,Ban Bat,12704
Bangkok,Pom Prap Sattru Phai,Khlong Mahanak,20561
Bangkok,Pom Prap Sattru Phai,Pom Prap,88058
Bangkok,Pom Prap Sattru Phai,Wat Sommanat,20498
Bangkok,Pom Prap Sattru Phai,Wat Thepsirin,59195
Bangkok,Prawet,Dokmai,57151
Bangkok,Prawet,Nong Bon,11682
Bangkok,Prawet,Prawet,25792
Bangkok,Rat Burana,Bang Pakok,28295
Bangkok,Rat Burana,Rat Burana,2482
Bangkok,Ratchathewi,Makkasan,85396
Bangkok,Ratchathewi,Thanon Phaya Thai,55889
Bangkok,Ratchathewi,Thanon Phet Buri,48702
Bangkok,Ratchathewi,Thung Phaya Thai,63134
Bangkok,Sai Mai,Khlong Thanon,77185
Bangkok,Sai Mai,O Ngoen,39879
Bangkok,Sai Mai,Sai Mai,18775
Bangkok,Samphanthawong,Chakkrawat,7189
Bangkok,Samphanthawong,Samphanthawong,76444
Bangkok,Samphanthawong,Talat Noi,24101
Bangkok,Saphan Sung,Saphan Sung,76092
Bangkok,Sathon,Thung Mahamek,27131
Bangkok,Sathon,Thung Wat Don,9811
Bangkok,Sathon,Yan Nawa,84153
Bangkok,Suan Luang,Suan Luang,32303
Bangkok,Taling Chan,Bang Chueak Nang,783
Bangkok,Taling Chan,Bang Phrom,14706
Bangkok,Taling Chan,Bang Ramat,63938
Bangkok,Taling Chan,Chimphli,23601
Bangkok,Taling Chan,Khlong Chak Phra,76515
Bangkok,Taling Chan,Taling Chan,86277
Bangkok,Thawi Watthana,Sala Thammasop,83268
Bangkok,Thawi Watthana,Thawi Watthana,63652
Bangkok,Thon Buri,Bang Yi Ruea,31918
Bangkok,Thon Buri,Bukkhalo,74585
Bangkok,Thon Buri,Dao Khanong,18835
Bangkok,Thon Buri,Hiranruchi,83542
Bangkok,Thon Buri,Samre,77885
Bangkok,Thon Buri,Talat Phlu,47328
Bangkok,Thon Buri,Wat Kanlaya,29030
Bangkok,Thung Khru,Bang Mot,12991
Bangkok,Thung Khru,Thung Khru,68987
Bangkok,Vadhana,Khlong Tan Nuea,65059
Bangkok,Vadhana,Khlong Toei Nuea,77572
Bangkok,Vadhana,Phra Khanong Nuea,65475
Bangkok,Wang Thonglang,Khlong Chaokhun Sing,17047
Bangkok,Wang Thonglang,Phlapphla,96480
Bangkok,Wang Thonglang,Saphan Song,1297
Bangkok,Wang Thonglang,Wang Thonglang,33018
Bangkok,Yan Nawa,Bang Phongphang,80045
Bangkok,Yan Nawa,Chong Nonsi,11075
Bueng Kan,Mueang Bueng Kan,Bueng Kan,78154
Bueng Kan,Mueang Bueng Kan,Wisit,55988
Chachoengsao,Ban Pho,Bang Krut,89432
Chachoengsao,Ban Pho,Khlong Prawet,20193
Chachoengsao,Ban Pho,Lat Khwang,84547
Chachoengsao,Ban Pho,Sanam Chan,48443
Chachoengsao,Ban Pho,Theppharat,33628
Chachoengsao,Bang Nam Priao,Bueng Nam Rak,61943
Chachoengsao,Bang Nam Priao,Sala Daeng,9855
Chachoengsao,Bang Pakong,Bang Kluea,18084
Chachoengsao,Bang Pakong,Bang Pakong,56427
Chachoengsao,Bang Pakong,Bang Samak,53429
Chachoengsao,Bang Pakong,Bang Wua,48895
Chachoengsao,Bang Pakong,Tha Sa-An,1064
Chachoengsao,Mueang Chachoengsao,Ban Mai,68745
Chachoengsao,Mueang Chachoengsao,Bang Kaeo,2345
Chachoengsao,Mueang Chachoengsao,Bang Kahai,45409
Chachoengsao,Mueang Chachoengsao,Bang Khwan,19358
Chachoengsao,Mueang Chachoengsao,Bang Phai,88094
Chachoengsao,Mueang Chachoengsao,Bang Phra,49668
Chachoengsao,Mueang Chachoengsao,Bang Tin Pet,6662
Chachoengsao,Mueang Chachoengsao,Bang Toei,3318
Chachoengsao,Mueang Chachoengsao,Khlong Luang Phaeng,2513
Chachoengsao,Mueang Chachoengsao,Khlong Na,40434
Chachoengsao,Mueang Chachoengsao,Khlong Nakhon Nueang Khet,6763
Chachoengsao,Mueang Chachoengsao,Na Mueang,84553
Chachoengsao,Mueang Chachoengsao,Sothon,93886
Chachoengsao,Mueang Chachoengsao,Tha Khai,48029
Chachoengsao,Mueang Chachoengsao,Wang Takhian,42962
Chai Nat,Mueang Chai Nat,Ban Kluai,26815
Chai Nat,Mueang Chai Nat,Chai Nat,42111
Chai Nat,Mueang Chai Nat,Khao Tha Phra,66081
Chai Nat,Mueang Chai Nat,Nai Mueang,58923
Chai Nat,Mueang Chai Nat,Tha Chai,45283
Chai Nat,Mueang Chai Nat,Thammamun,17966
Chai Nat,Sapphaya,Bang Luang,90222
Chai Nat,Sapphaya,Taluk,74221
Chaiyaphum,Mueang Chaiyaphum,Bung Khla,50832
Chaiyaphum,Mueang Chaiyaphum,Nai Mueang,14763
Chaiyaphum,Mueang Chaiyaphum,Nong Na Saeng,71393
Chaiyaphum,Mueang Chaiyaphum,Phon Thong,3230
Chaiyaphum,Mueang Chaiyaphum,Rop Mueang,10951
Chanthaburi,Mueang Chanthaburi,Chanthanimit,41921
Chanthaburi,Mueang Chanthaburi,Khlong Narai,36355
Chanthaburi,Mueang Chanthaburi,Ko Khwang,95587
Chanthaburi,Mueang Chanthaburi,Phlapphla,32599
Chanthaburi,Mueang Chanthaburi,Salaeng,20096
Chanthaburi,Mueang Chanthaburi,Talat,23093
Chanthaburi,Mueang Chanthaburi,Tha Chang,78009
Chanthaburi,Mueang Chanthaburi,Wat Mai,45871
Chanthaburi,Tha Mai,Khao Wua,36711
Chiang Mai,Doi Saket,Choeng Doi,52916
Chiang Mai,Doi Saket,Mae Khue,68074
Chiang Mai,Doi Saket,Pa Lan,50
Chiang Mai,Doi Saket,Samran Rat,65844
Chiang Mai,Doi Saket,San Pu Loei,96922
Chiang Mai,Doi Saket,Talat Khwan,61
Chiang Mai,Hang Dong,Ban Waen,96043
Chiang Mai,Hang Dong,Hang Dong,78008
Chiang Mai,Hang Dong,Khun Khong,55743
Chiang Mai,Hang Dong,Nam Phrae,52277
Chiang Mai,Hang Dong,Nong Kaeo,20938
Chiang Mai,Hang Dong,Nong Khwai,32032
Chiang Mai,Hang Dong,San Phak Wan,13972
Chiang Mai,Hang Dong,Sop Mae Kha,94409
Chiang Mai,Mae Rim,Don Kaeo,99625
Chiang Mai,Mae Rim,Mae Sa,39778
Chiang Mai,Mae Rim,Mueang Kaeo,28737
Chiang Mai,Mae Rim,Rim Nuea,57480
Chiang Mai,Mae Rim,Rim Tai,56363
Chiang Mai,Mae Rim,San Pong,22850
Chiang Mai,Mueang Chiang Mai,Chang Khlan,73555
Chiang Mai,Mueang Chiang Mai,Chang Moi,26205
Chiang Mai,Mueang Chiang Mai,Chang Phueak,81353
Chiang Mai,Mueang Chiang Mai,Fa Ham,40224
Chiang Mai,Mueang Chiang Mai,Hai Ya,95332
Chiang Mai,Mueang Chiang Mai,Mae Hia,6166
Chiang Mai,Mueang Chiang Mai,Nong Hoi,13989
Chiang Mai,Mueang Chiang Mai,Nong Pa Khrang,87750
Chiang Mai,Mueang Chiang Mai,Pa Daet,90210
Chiang Mai,Mueang Chiang Mai,Pa Tan,60075
Chiang Mai,Mueang Chiang Mai,Phra Sing,27894
Chiang Mai,Mueang Chiang Mai,San Phisuea,89216
Chiang Mai,Mueang Chiang Mai,Si Phum,99947
Chiang Mai,Mueang Chiang Mai,Suthep,95344
Chiang Mai,Mueang Chiang Mai,Tha Sala,27420
Chiang Mai,Mueang Chiang Mai,Wat Ket,88676
Chiang Mai,San Kamphaeng,Buak Khang,79073
Chiang Mai,San Kamphaeng,Chae Chang,7536
Chiang Mai,San Kamphaeng,Mae Pu Kha,23507
Chiang Mai,San Kamphaeng,Rong Wua Daeng,18920
Chiang Mai,San Kamphaeng,Sai Mun,47420
Chiang Mai,San Kamphaeng,San Kamphaeng,67197
Chiang Mai,San Kamphaeng,San Klang,8576
Chiang Mai,San Kamphaeng,Ton Pao,81300
Chiang Mai,San Sai,Mueang Len,81926
Chiang Mai,San Sai,Nong Chom,201
Chiang Mai,San Sai,Nong Han,2290
Chiang Mai,San Sai,Nong Yaeng,8281
Chiang Mai,San Sai,Pa Phai,27752
Chiang Mai,San Sai,San Na Meng,83612
Chiang Mai,San Sai,San Pa Pao,51226
Chiang Mai,San Sai,San Phranet,43451
Chiang Mai,San Sai,San Sai Luang,99650
Chiang Mai,San Sai,San Sai Noi,61986
Chiang Mai,Saraphi,Chai Sathan,77743
Chiang Mai,Saraphi,Chomphu,89813
Chiang Mai,Saraphi,Don Kaeo,28862
Chiang Mai,Saraphi,Khua Mung,30603
Chiang Mai,Saraphi,Nong Faek,52803
Chiang Mai,Saraphi,Nong Phueng,37300
Chiang Mai,Saraphi,Pa Bong,3807
Chiang Mai,Saraphi,Saraphi,28752
Chiang Mai,Saraphi,Tha Wang Tan,41725
Chiang Mai,Saraphi,Yang Noeng,21435
Chon Buri,Ban Bueng,Ban Bueng,42211
Chon Buri,Ban Bueng,Map Phai,1977
Chon Buri,Ban Bueng,Nong Bon Daeng,15561
Chon Buri,Ban Bueng,Nong Samsak,58209
Chon Buri,Bang Lamung,Bang Lamung,71272
Chon Buri,Bang Lamung,Huai Yai,82953
Chon Buri,Bang Lamung,Khao Mai Kaeo,65333
Chon Buri,Bang Lamung,Na Kluea,13496
Chon Buri,Bang Lamung,Nong Pla Lai,60375
Chon Buri,Bang Lamung,Nong Prue,95722
Chon Buri,Bang Lamung,Pong,56892
Chon Buri,Bang Lamung,Takhian Tia,73257
Chon Buri,Mueang Chon Buri,Ang Sila,69294
Chon Buri,Mueang Chon Buri,Ban Khot,27063
Chon Buri,Mueang Chon Buri,Ban Puek,16944
Chon Buri,Mueang Chon Buri,Ban Suan,78430
Chon Buri,Mueang Chon Buri,Bang Pla Soi,32323
Chon Buri,Mueang Chon Buri,Bang Sai,20491
Chon Buri,Mueang Chon Buri,Don Hua Lo,84651
Chon Buri,Mueang Chon Buri,Huai Kapi,75115
Chon Buri,Mueang Chon Buri,Khlong Tamru,18483
Chon Buri,Mueang Chon Buri,Makham Yong,63445
Chon Buri,Mueang Chon Buri,Mueang,92660
Chon Buri,Mueang Chon Buri,Na Pa,67704
Chon Buri,Mueang Chon Buri,Nong Khang Khok,16506
Chon Buri,Mueang Chon Buri,Nong Mai Daeng,44432
Chon Buri,Mueang Chon Buri,Nong Ri,85536
Chon Buri,Mueang Chon Buri,Saen Suk,16748
Chon Buri,Mueang Chon Buri,Samet,88452
Chon Buri,Mueang Chon Buri,Samnak Bok,50252
Chon Buri,Phan Thong,Ban Kao,29467
Chon Buri,Phan Thong,Bang Nang,96592
Chon Buri,Phan Thong,Map Pong,64536
Chon Buri,Phan Thong,Nong Hong,73804
Chon Buri,Phan Thong,Nong Kakha,58335
Chon Buri,Phan Thong,Nong Tamlueng,84077
Chon Buri,Phan Thong,Phan Thong,50178
Chon Buri,Sattahip,Bang Sare,43899
Chon Buri,Sattahip,Na Chom Thian,80644
Chon Buri,Sattahip,Phlu Ta Luang,188
Chon Buri,Sattahip,Sattahip,72006
Chon Buri,Si Racha,Bang Phra,40274
Chon Buri,Si Racha,Bo Win,4232
Chon Buri,Si Racha,Bueng,82208
Chon Buri,Si Racha,Khao Khan Song,27345
Chon Buri,Si Racha,Nong Kham,22661
Chon Buri,Si Racha,Si Racha,12089
Chon Buri,Si Racha,Surasak,81337
Chon Buri,Si Racha,Thung Sukhla,69728
Chumphon,Mueang Chumphon,Ban Na,18090
Chumphon,Mueang Chumphon,Bang Luek,60923
Chumphon,Mueang Chumphon,Bang Mak,7802
Chumphon,Mueang Chumphon,Khun Krathing,70634
Chumphon,Mueang Chumphon,Na Cha-Ang,77675
Chumphon,Mueang Chumphon,Na Thung,51023
Chumphon,Mueang Chumphon,Tak Daet,8043
Chumphon,Mueang Chumphon,Tha Taphao,70999
Chumphon,Mueang Chumphon,Wang Phai,36692
Kalasin,Mueang Kalasin,Kalasin,78950
Kalasin,Mueang Kalasin,Lamphan,17678
Kalasin,Mueang Kalasin,Lup,15451
Kalasin,Mueang Kalasin,Phon Thong,29968
Kamphaeng Phet,Mueang Kamphaeng Phet,Nai Mueang,17454
Kamphaeng Phet,Mueang Kamphaeng Phet,Nakhon Chum,17849
Kamphaeng Phet,Mueang Kamphaeng Phet,Nong Pling,13654
Kamphaeng Phet,Mueang Kamphaeng Phet,Sa Kaeo,52680
Kamphaeng Phet,Mueang Kamphaeng Phet,Tha Khun Ram,53553
Kamphaeng Phet,Mueang Kamphaeng Phet,Thep Nakhon,6041
Kanchanaburi,Mueang Kanchanaburi,Ban Nuea,58538
Kanchanaburi,Mueang Kanchanaburi,Ban Tai,82035
Kanchanaburi,Mueang Kanchanaburi,Kaeng Sian,55956
Kanchanaburi,Mueang Kanchanaburi,Pak Phraek,21708
Kanchanaburi,Mueang Kanchanaburi,Tha Makham,87024
Kanchanaburi,Tha Muang,Muang Chum,30118
Kanchanaburi,Tha Muang,Tha Lo,41676
Kanchanaburi,Tha Muang,Tha Muang,93756
Kanchanaburi,Tha Muang,Thung Thong,14658
Kanchanaburi,Tha Muang,Wang Khanai,3971
Khon Kaen,Mueang Khon Kaen,Ban Kho,73981
Khon Kaen,Mueang Khon Kaen,Ban Pet,95401
Khon Kaen,Mueang Khon Kaen,Ban Thum,28033
Khon Kaen,Mueang Khon Kaen,Bueng Niam,81607
Khon Kaen,Mueang Khon Kaen,Daeng Yai,77085
Khon Kaen,Mueang Khon Kaen,Khok Si,95785
Khon Kaen,Mueang Khon Kaen,Mueang Kao,61341
Khon Kaen,Mueang Khon Kaen,Nai Mueang,93957
Khon Kaen,Mueang Khon Kaen,Phra Lap,19130
Khon Kaen,Mueang Khon Kaen,Samran,77733
Khon Kaen,Mueang Khon Kaen,Sila,2247
Lamphun,Mueang Lamphun,Ban Klang,27368
Lamphun,Mueang Lamphun,Makhuea Chae,36656
Lamphun,Mueang Lamphun,Mueang Nga,3382
Lamphun,Mueang Lamphun,Nai Mueang,8344
Lamphun,Mueang Lamphun,Pa Sak,59351
Lamphun,Mueang Lamphun,Rim Ping,49786
Lamphun,Mueang Lamphun,Ton Thong,81882
Lamphun,Mueang Lamphun,Umong,37651
Lamphun,Mueang Lamphun,Wiang Yong,15382
Loei,Mueang Loei,Chaiyaphruek,86755
Loei,Mueang Loei,Kut Pong,91344
Loei,Mueang Loei,Mueang,11606
Loei,Mueang Loei,Na An,1082
Lop Buri,Mueang Lop Buri,Bang Khan Mak,66237
Lop Buri,Mueang Lop Buri,Khao Phra Ngam,66278
Lop Buri,Mueang Lop Buri,Khao Sam Yot,9731
Lop Buri,Mueang Lop Buri,Kok Ko,99344
Lop Buri,Mueang Lop Buri,Nikhom Sang Ton-Eng,2237
Lop Buri,Mueang Lop Buri,Pa Tan,74101
Lop Buri,Mueang Lop Buri,Pho Kao Ton,6467
Lop Buri,Mueang Lop Buri,Phrommat,34897
Lop Buri,Mueang Lop Buri,Tha Hin,66486
Lop Buri,Mueang Lop Buri,Tha Khae,40884
Lop Buri,Mueang Lop Buri,Tha Sala,58585
Lop Buri,Mueang Lop Buri,Thale Chup Son,52772
Lop Buri,Mueang Lop Buri,Thanon Yai,37838
Lop Buri,Tha Wung,Bang Nga,98610
Mukdahan,Mueang Mukdahan,Kham A Huan,93743
Mukdahan,Mueang Mukdahan,Mukdahan,54876
Mukdahan,Mueang Mukdahan,Na Si Nuan,10238
Mukdahan,Mueang Mukdahan,Si Bun Rueang,42727
Nakhon Nayok,Mueang Nakhon Nayok,Ban Yai,70231
Nakhon Nayok,Mueang Nakhon Nayok,Khao Phra,54843
Nakhon Nayok,Mueang Nakhon Nayok,Nakhon Nayok,79050
Nakhon Nayok,Mueang Nakhon Nayok,Phrommani,83822
Nakhon Nayok,Mueang Nakhon Nayok,Sarika,57146
Nakhon Nayok,Mueang Nakhon Nayok,Si Nawa,31833
Nakhon Nayok,Mueang Nakhon Nayok,Tha Chang,42663
Nakhon Nayok,Mueang Nakhon Nayok,Wang Krachom,45405
Nakhon Nayok,Pak Phli,Ko Pho,38950
Nakhon Nayok,Pak Phli,Ko Wai,5101
Nakhon Nayok,Pak Phli,Na Hin Lat,9207
Nakhon Pathom,Bang Len,Nara Phirom,39683
Nakhon Pathom,Bang Len,Phai Hu Chang,30432
Nakhon Pathom,Don Tum,Don Ruak,51113
Nakhon Pathom,Don Tum,Huai Duan,37463
Nakhon Pathom,Don Tum,Huai Phra,55703
Nakhon Pathom,Don Tum,Lam Hoei,27936
Nakhon Pathom,Kamphaeng Saen,Don Khoi,99576
Nakhon Pathom,Kamphaeng Saen,Huai Khwang,50832
Nakhon Pathom,Kamphaeng Saen,Kamphaeng Saen,55148
Nakhon Pathom,Kamphaeng Saen,Rang Phikun,9934
Nakhon Pathom,Kamphaeng Saen,Sa Phatthana,86851
Nakhon Pathom,Kamphaeng Saen,Sa Si Mum,90955
Nakhon Pathom,Kamphaeng Saen,Thung Bua,97574
Nakhon Pathom,Kamphaeng Saen,Thung Khwang,38287
Nakhon Pathom,Kamphaeng Saen,Thung Kraphang Hom,93255
Nakhon Pathom,Kamphaeng Saen,Wang Nam Khiao,93088
Nakhon Pathom,Mueang Nakhon Pathom,Bang Khaem,79769
Nakhon Pathom,Mueang Nakhon Pathom,Bo Phlap,83490
Nakhon Pathom,Mueang Nakhon Pathom,Huai Chorakhe,47816
Nakhon Pathom,Mueang Nakhon Pathom,Lam Phaya,25217
Nakhon Pathom,Mueang Nakhon Pathom,Map Khae,91302
Nakhon Pathom,Mueang Nakhon Pathom,Nakhon Pathom,40012
Nakhon Pathom,Mueang Nakhon Pathom,Nong Din Daeng,48555
Nakhon Pathom,Mueang Nakhon Pathom,Nong Ngu Lueam,77041
Nakhon Pathom,Mueang Nakhon Pathom,Nong Pak Long,3001
Nakhon Pathom,Mueang Nakhon Pathom,Phra Pathom Chedi,15394
Nakhon Pathom,Mueang Nakhon Pathom,Phra Prathon,84954
Nakhon Pathom,Mueang Nakhon Pathom,Phrong Maduea,33066
Nakhon Pathom,Mueang Nakhon Pathom,Sam Khwai Phueak,3552
Nakhon Pathom,Mueang Nakhon Pathom,Sanam Chan,97543
Nakhon Pathom,Mueang Nakhon Pathom,Ta Kong,7695
Nakhon Pathom,Mueang Nakhon Pathom,Thammasala,40714
Nakhon Pathom,Mueang Nakhon Pathom,Thanon Khat,74396
Nakhon Pathom,Mueang Nakhon Pathom,Thap Luang,77770
Nakhon Pathom,Mueang Nakhon Pathom,Thung Noi,66466
Nakhon Pathom,Mueang Nakhon Pathom,Wang Taku,66094
Nakhon Pathom,Mueang Nakhon Pathom,Wang Yen,5528
Nakhon Pathom,Nakhon Chai Si,Bang Kaeo,92064
Nakhon Pathom,Nakhon Chai Si,Bang Kaeo Fa,58320
Nakhon Pathom,Nakhon Chai Si,Bang Krabao,86375
Nakhon Pathom,Nakhon Chai Si,Bang Phra,78671
Nakhon Pathom,Nakhon Chai Si,Bang Rakam,88597
Nakhon Pathom,Nakhon Chai Si,Don Faek,67772
Nakhon Pathom,Nakhon Chai Si,Huai Phlu,6869
Nakhon Pathom,Nakhon Chai Si,Khun Kaeo,23780
Nakhon Pathom,Nakhon Chai Si,Laem Bua,84006
Nakhon Pathom,Nakhon Chai Si,Lan Tak Fa,47172
Nakhon Pathom,Nakhon Chai Si,Nakhon Chai Si,59530
Nakhon Pathom,Nakhon Chai Si,Ngio Rai,52910
Nakhon Pathom,Nakhon Chai Si,Phaniat,39175
Nakhon Pathom,Nakhon Chai Si,Sampathuan,73968
Nakhon Pathom,Nakhon Chai Si,Si Mahapho,75971
Nakhon Pathom,Nakhon Chai Si,Sisa Thong,1970
Nakhon Pathom,Nakhon Chai Si,Tha Krachap,15526
Nakhon Pathom,Nakhon Chai Si,Tha Phraya,15280
Nakhon Pathom,Nakhon Chai Si,Tha Tamnak,81153
Nakhon Pathom,Nakhon Chai Si,Thaiyawat,12274
Nakhon Pathom,Nakhon Chai Si,Wat Khae,57863
Nakhon Pathom,Nakhon Chai Si,Wat Lamut,56822
Nakhon Pathom,Nakhon Chai Si,Wat Samrong,51407
Nakhon Pathom,Phutthamonthon,Khlong Yong,5730
Nakhon Pathom,Phutthamonthon,Mahasawat,57097
Nakhon Pathom,Phutthamonthon,Sala Ya,40252
Nakhon Pathom,Sam Phran,Ban Mai,12224
Nakhon Pathom,Sam Phran,Bang Chang,5643
Nakhon Pathom,Sam Phran,Bang Krathuek,33396
Nakhon Pathom,Sam Phran,Bang Toei,30469
Nakhon Pathom,Sam Phran,Hom Kret,54383
Nakhon Pathom,Sam Phran,Khlong Mai,61062
Nakhon Pathom,Sam Phran,Krathum Lom,42160
Nakhon Pathom,Sam Phran,Om Yai,3909
Nakhon Pathom,Sam Phran,Rai Khing,85935
Nakhon Pathom,Sam Phran,Sam Phran,14697
Nakhon Pathom,Sam Phran,Song Khanong,68603
Nakhon Pathom,Sam Phran,Tha Kham,36465
Nakhon Pathom,Sam Phran,Tha Talat,40522
Nakhon Pathom,Sam Phran,Yai Cha,84446
Nakhon Phanom,Mueang Nakhon Phanom,At Samat,44572
Nakhon Phanom,Mueang Nakhon Phanom,Na Rat Khwai,79771
Nakhon Phanom,Mueang Nakhon Phanom,Na Sai,50591
Nakhon Phanom,Mueang Nakhon Phanom,Nai Mueang,90858
Nakhon Phanom,Mueang Nakhon Phanom,Nong Saeng,82002
Nakhon Phanom,Mueang Nakhon Phanom,Nong Yat,63516
Nakhon Phanom,Mueang Nakhon Phanom,Tha Kho,77207
Nakhon Ratchasima,Mueang Nakhon Ratchasima,Ban Ko,95114
Nakhon Ratchasima,Mueang Nakhon Ratchasima,Ban Mai,32944
Nakhon Ratchasima,Mueang Nakhon Ratchasima,Ban Pho,36695
Nakhon Ratchasima,Mueang Nakhon Ratchasima,Chai Mongkhon,86969
Nakhon Ratchasima,Mueang Nakhon Ratchasima,Cho Ho,44875
Nakhon Ratchasima,Mueang Nakhon Ratchasima,Hua Thale,6872
Nakhon Ratchasima,Mueang Nakhon Ratchasima,Khok Kruat,50473
Nakhon Ratchasima,Mueang Nakhon Ratchasima,Khok Sung,36034
Nakhon Ratchasima,Mueang Nakhon Ratchasima,Maroeng,97559
Nakhon Ratchasima,Mueang Nakhon Ratchasima,Muen Wai,60801
Nakhon Ratchasima,Mueang Nakhon Ratchasima,Nai Mueang,36409
Nakhon Ratchasima,Mueang Nakhon Ratchasima,Nong Bua Sala,54621
Nakhon Ratchasima,Mueang Nakhon Ratchasima,Nong Chabok,2941
Nakhon Ratchasima,Mueang Nakhon Ratchasima,Nong Krathum,3905
Nakhon Ratchasima,Mueang Nakhon Ratchasima,Nong Phai Lom,86306
Nakhon Ratchasima,Mueang Nakhon Ratchasima,Nong Rawiang,65094
Nakhon Ratchasima,Mueang Nakhon Ratchasima,Phanao,23716
Nakhon Ratchasima,Mueang Nakhon Ratchasima,Pho Klang,23532
Nakhon Ratchasima,Mueang Nakhon Ratchasima,Pru Yai,57062
Nakhon Ratchasima,Mueang Nakhon Ratchasima,Suranari,49714
Nakhon Ratchasima,Mueang Nakhon Ratchasima,Talat,17786
Nakhon Si Thammarat,Mueang Nakhon Si Thammarat,Bang Chak,53435
Nakhon Si Thammarat,Mueang Nakhon Si Thammarat,Chai Montri,94365
Nakhon Si Thammarat,Mueang Nakhon Si Thammarat,Kamphaeng Sao,44037
Nakhon Si Thammarat,Mueang Nakhon Si Thammarat,Khlang,37820
Nakhon Si Thammarat,Mueang Nakhon Si Thammarat,Mamuang Song Ton,70521
Nakhon Si Thammarat,Mueang Nakhon Si Thammarat,Na Khian,11557
Nakhon Si Thammarat,Mueang Nakhon Si Thammarat,Na Sai,91570
Nakhon Si Thammarat,Mueang Nakhon Si Thammarat,Nai Mueang,11384
Nakhon Si Thammarat,Mueang Nakhon Si Thammarat,Pak Nakhon,25340
Nakhon Si Thammarat,Mueang Nakhon Si Thammarat,Pak Phun,54432
Nakhon Si Thammarat,Mueang Nakhon Si Thammarat,Pho Sadet,81974
Nakhon Si Thammarat,Mueang Nakhon Si Thammarat,Tha Ngio,58999
Nakhon Si Thammarat,Mueang Nakhon Si Thammarat,Tha Rai,36373
Nakhon Si Thammarat,Mueang Nakhon Si Thammarat,Tha Ruea,52896
Nakhon Si Thammarat,Mueang Nakhon Si Thammarat,Tha Sak,73465
Nakhon Si Thammarat,Mueang Nakhon Si Thammarat,Tha Wang,7067
Nakhon Si Thammarat,Phra Phrom,Chang Sai,75135
Nakhon Si Thammarat,Phra Phrom,Na Phru,19396
Nakhon Si Thammarat,Phra Phrom,Na San,20140
Nakhon Si Thammarat,Phra Phrom,Thai Samphao,94577
Nakhon Si Thammarat,Phrom Khiri,In Khiri,68448
Nakhon Si Thammarat,Phrom Khiri,Na Riang,71506
Nan,Mueang Nan,Chai Sathan,75821
Nan,Mueang Nan,Du Tai,12824
Nan,Mueang Nan,Nai Wiang,22022
Nan,Mueang Nan,Pha Sing,37521
Nan,Phu Phiang,Fai Kaeo,38276
Nan,Phu Phiang,Muang Tuet,65500
Narathiwat,Mueang Narathiwat,Bang Nak,55185
Narathiwat,Mueang Narathiwat,Khok Khian,72567
Narathiwat,Mueang Narathiwat,Lamphu,1630
Nong Bua Lam Phu,Mueang Nong Bua Lam Phu,Lam Phu,11306
Nong Bua Lam Phu,Mueang Nong Bua Lam Phu,Nong Bua,43983
Nong Bua Lam Phu,Mueang Nong Bua Lam Phu,Pho Chai,64848
Nonthaburi,Bang Bua Thong,Bang Bua Thong,88754
Nonthaburi,Bang Bua Thong,Bang Khu Rat,80114
Nonthaburi,Bang Bua Thong,Bang Rak Phatthana,52813
Nonthaburi,Bang Bua Thong,Bang Rak Yai,51201
Nonthaburi,Bang Bua Thong,Lahan,84418
Nonthaburi,Bang Bua Thong,Lam Pho,52769
Nonthaburi,Bang Bua Thong,Phimonrat,56157
Nonthaburi,Bang Bua Thong,Sano Loi,27318
Nonthaburi,Bang Kruai,Bang Khanun,3103
Nonthaburi,Bang Kruai,Bang Khu Wiang,89718
Nonthaburi,Bang Kruai,Bang Khun Kong,38083
Nonthaburi,Bang Kruai,Bang Kruai,35618
Nonthaburi,Bang Kruai,Bang Si Thong,95879
Nonthaburi,Bang Kruai,Mahasawat,53990
Nonthaburi,Bang Kruai,Plai Bang,48875
Nonthaburi,Bang Kruai,Sala Klang,50529
Nonthaburi,Bang Kruai,Wat Chalo,26030
Nonthaburi,Bang Yai,Ban Mai,72185
Nonthaburi,Bang Yai,Bang Len,75002
Nonthaburi,Bang Yai,Bang Mae Nang,30263
Nonthaburi,Bang Yai,Bang Muang,11402
Nonthaburi,Bang Yai,Bang Yai,82934
Nonthaburi,Bang Yai,Sao Thong Hin,54279
Nonthaburi,Mueang Nonthaburi,Bang Khen,39022
Nonthaburi,Mueang Nonthaburi,Bang Krang,83232
Nonthaburi,Mueang Nonthaburi,Bang Kraso,35317
Nonthaburi,Mueang Nonthaburi,Bang Phai,9076
Nonthaburi,Mueang Nonthaburi,Bang Rak Noi,6818
Nonthaburi,Mueang Nonthaburi,Bang Si Mueang,30226
Nonthaburi,Mueang Nonthaburi,Sai Ma,83730
Nonthaburi,Mueang Nonthaburi,Suan Yai,74712
Nonthaburi,Mueang Nonthaburi,Talat Khwan,63450
Nonthaburi,Mueang Nonthaburi,Tha Sai,65078
Nonthaburi,Pak Kret,Ban Mai,70630
Nonthaburi,Pak Kret,Bang Phlap,67172
Nonthaburi,Pak Kret,Bang Phut,13326
Nonthaburi,Pak Kret,Bang Talat,50132
Nonthaburi,Pak Kret,Bang Tanai,96216
Nonthaburi,Pak Kret,Khlong Khoi,61126
Nonthaburi,Pak Kret,Khlong Kluea,90658
Nonthaburi,Pak Kret,Khlong Phra Udom,41716
Nonthaburi,Pak Kret,Ko Kret,41901
Nonthaburi,Pak Kret,Om Kret,70175
Nonthaburi,Pak Kret,Pak Kret,86860
Nonthaburi,Pak Kret,Tha It,55683
Nonthaburi,Sai Noi,Khlong Khwang,57131
Nonthaburi,Sai Noi,Khun Si,17572
Nonthaburi,Sai Noi,Nong Phrao Ngai,67718
Nonthaburi,Sai Noi,Rat Niyom,22828
Nonthaburi,Sai Noi,Sai Noi,86278
Nonthaburi,Sai Noi,Sai Yai,90503
Nonthaburi,Sai Noi,Thawi Watthana,83141
Pathum Thani,Khlong Luang,Khlong Chet,56290
Pathum Thani,Khlong Luang,Khlong Ha,46055
Pathum Thani,Khlong Luang,Khlong Hok,50680
Pathum Thani,Khlong Luang,Khlong Nueng,38661
Pathum Thani,Khlong Luang,Khlong Sam,58724
Pathum Thani,Khlong Luang,Khlong Si,29155
Pathum Thani,Khlong Luang,Khlong Song,46331
Pathum Thani,Lam Luk Ka,Bueng Kham Phroi,27349
Pathum Thani,Lam Luk Ka,Bueng Kho Hai,54234
Pathum Thani,Lam Luk Ka,Bueng Thong Lang,58622
Pathum Thani,Lam Luk Ka,Khu Khot,18290
Pathum Thani,Lam Luk Ka,Lam Luk Ka,7295
Pathum Thani,Lam Luk Ka,Lam Sai,4065
Pathum Thani,Lam Luk Ka,Lat Sawai,45039
Pathum Thani,Lam Luk Ka,Phuet Udom,27203
Pathum Thani,Lat Lum Kaeo,Bo Ngoen,28749
Pathum Thani,Lat Lum Kaeo,Khlong Phra Udom,64623
Pathum Thani,Lat Lum Kaeo,Khu Bang Luang,17894
Pathum Thani,Lat Lum Kaeo,Khu Khwang,71176
Pathum Thani,Lat Lum Kaeo,Lat Lum Kaeo,95878
Pathum Thani,Lat Lum Kaeo,Na Mai,71095
Pathum Thani,Lat Lum Kaeo,Rahaeng,46534
Pathum Thani,Mueang Pathum Thani,Ban Chang,20081
Pathum Thani,Mueang Pathum Thani,Ban Klang,14443
Pathum Thani,Mueang Pathum Thani,Ban Krachaeng,37851
Pathum Thani,Mueang Pathum Thani,Ban Mai,14764
Pathum Thani,Mueang Pathum Thani,Bang Duea,11430
Pathum Thani,Mueang Pathum Thani,Bang Kadi,73101
Pathum Thani,Mueang Pathum Thani,Bang Khayaeng,38
Pathum Thani,Mueang Pathum Thani,Bang Khu Wat,31526
Pathum Thani,Mueang Pathum Thani,Bang Luang,28392
Pathum Thani,Mueang Pathum Thani,Bang Phun,18449
Pathum Thani,Mueang Pathum Thani,Bang Phut,40268
Pathum Thani,Mueang Pathum Thani,Bang Prok,72943
Pathum Thani,Mueang Pathum Thani,Lak Hok,5772
Pathum Thani,Mueang Pathum Thani,Suan Phrik Thai,67094
Pathum Thani,Nong Suea,Bueng Ba,97643
Pathum Thani,Nong Suea,Bueng Bon,72797
Pathum Thani,Sam Khok,Ban Ngio,79794
Pathum Thani,Sam Khok,Ban Pathum,98641
Pathum Thani,Sam Khok,Bang Krabue,66738
Pathum Thani,Sam Khok,Bang Pho Nuea,2436
Pathum Thani,Sam Khok,Bang Toei,14582
Pathum Thani,Sam Khok,Chiang Rak Noi,69444
Pathum Thani,Sam Khok,Chiang Rak Yai,96738
Pathum Thani,Sam Khok,Khlong Khwai,63214
Pathum Thani,Sam Khok,Krachaeng,97015
Pathum Thani,Sam Khok,Sam Khok,46401
Pathum Thani,Sam Khok,Thai Ko,71325
Pathum Thani,Thanyaburi,Bueng Nam Rak,39130
Pathum Thani,Thanyaburi,Bueng Sanan,22604
Pathum Thani,Thanyaburi,Bueng Yi Tho,91676
Pathum Thani,Thanyaburi,Lam Phak Kut,57725
Pathum Thani,Thanyaburi,Pracha Thipat,3393
Pathum Thani,Thanyaburi,Rangsit,48547
Pattani,Mueang Pattani,A Noru,29521
Pattani,Mueang Pattani,Bana,33220
Pattani,Mueang Pattani,Bara Hom,79561
Pattani,Mueang Pattani,Chabang Tiko,59087
Pattani,Mueang Pattani,Paka Harang,46778
Pattani,Mueang Pattani,Ru Samilae,9787
Pattani,Mueang Pattani,Sabarang,56317
Pattani,Mueang Pattani,Talu Bo,21728
Pattani,Mueang Pattani,Tanyong Lulo,75323
Pattani,Nong Chik,Bang Khao,22635
Pattani,Nong Chik,Bang Tawa,22659
Pattani,Nong Chik,Don Rak,58890
Pattani,Nong Chik,Tuyong,67278
Pattani,Yarang,Khao Tum,51737
Pattani,Yaring,Bang Pu,23393
Phatthalung,Khuan Khanun,Phanom Wang,1989
Phatthalung,Khuan Khanun,Phraek Ha,88656
Phatthalung,Mueang Phatthalung,Khao Chiak,11143
Phatthalung,Mueang Phatthalung,Khok Cha-Ngai,7302
Phatthalung,Mueang Phatthalung,Khuan Maphrao,95912
Phatthalung,Mueang Phatthalung,Khuha Sawan,72474
Phatthalung,Mueang Phatthalung,Lampam,43906
Phatthalung,Mueang Phatthalung,Na Thom,24645
Phatthalung,Mueang Phatthalung,Phaya Khan,23377
Phatthalung,Mueang Phatthalung,Prang Mu,78480
Phatthalung,Mueang Phatthalung,Rom Mueang,22593
Phatthalung,Mueang Phatthalung,Tamnan,79695
Phatthalung,Mueang Phatthalung,Tha Khae,88835
Phatthalung,Mueang Phatthalung,Tha Miram,61332
Phetchabun,Mueang Phetchabun,Chon Phrai,95101
Phetchabun,Mueang Phetchabun,Dong Mun Lek,69617
Phetchabun,Mueang Phetchabun,Na Ngua,71065
Phetchabun,Mueang Phetchabun,Na Pa,39336
Phetchabun,Mueang Phetchabun,Nai Mueang,55308
Phetchabun,Mueang Phetchabun,Pa Lao,55463
Phetchabun,Mueang Phetchabun,Sadiang,3372
Phichit,Mueang Phichit,Ban Bung,5808
Phichit,Mueang Phichit,Kha Mang,11888
Phichit,Mueang Phichit,Khlong Khachen,82517
Phichit,Mueang Phichit,Mueang Kao,19939
Phichit,Mueang Phichit,Nai Mueang,11709
Phichit,Mueang Phichit,Pa Makhap,65378
Phichit,Mueang Phichit,Pak Thang,37946
Phichit,Mueang Phichit,Rong Chang,93371
Phichit,Mueang Phichit,Tha Lo,70847
Phichit,Mueang Phichit,Tha Luang,91555
Phitsanulok,Bang Rakam,Bang Rakam,7315
Phitsanulok,Bang Rakam,Tha Nang Ngam,29569
Phitsanulok,Mueang Phitsanulok,Aranyik,46971
Phitsanulok,Mueang Phitsanulok,Ban Khlong,34102
Phitsanulok,Mueang Phitsanulok,Ban Krang,34058
Phitsanulok,Mueang Phitsanulok,Bueng Phra,3099
Phitsanulok,Mueang Phitsanulok,Chom Thong,74110
Phitsanulok,Mueang Phitsanulok,Don Thong,90667
Phitsanulok,Mueang Phitsanulok,Hua Ro,78613
Phitsanulok,Mueang Phitsanulok,Nai Mueang,67949
Phitsanulok,Mueang Phitsanulok,Pak Thok,19552
Phitsanulok,Mueang Phitsanulok,Phlai Chumphon,913
Phitsanulok,Mueang Phitsanulok,Samo Khae,93844
Phitsanulok,Mueang Phitsanulok,Tha Pho,72032
Phitsanulok,Mueang Phitsanulok,Tha Thong,78378
Phitsanulok,Mueang Phitsanulok,Wat Chan,39592
Phitsanulok,Mueang Phitsanulok,Wat Phrik,91966
Phitsanulok,Wang Thong,Wang Phikun,32412
Phitsanulok,Wang Thong,Wang Thong,83985
Phra Nakhon Si Ayutthaya,Bang Pa-In,Ban Krot,96910
Phra Nakhon Si Ayutthaya,Bang Pa-In,Ban Len,91556
Phra Nakhon Si Ayutthaya,Bang Pa-In,Ban Pho,16235
Phra Nakhon Si Ayutthaya,Bang Pa-In,Ban Sang,33205
Phra Nakhon Si Ayutthaya,Bang Pa-In,Ban Wa,94465
Phra Nakhon Si Ayutthaya,Bang Pa-In,Bang Krasan,69895
Phra Nakhon Si Ayutthaya,Bang Pa-In,Bang Pradaeng,51245
Phra Nakhon Si Ayutthaya,Bang Pa-In,Chiang Rak Noi,23552
Phra Nakhon Si Ayutthaya,Bang Pa-In,Khanon Luang,98837
Phra Nakhon Si Ayutthaya,Bang Pa-In,Khlong Chik,62746
Phra Nakhon Si Ayutthaya,Bang Pa-In,Khung Lan,46204
Phra Nakhon Si Ayutthaya,Bang Pa-In,Sam Ruean,70155
Phra Nakhon Si Ayutthaya,Bang Pa-In,Talat Kriap,26630
Phra Nakhon Si Ayutthaya,Bang Pa-In,Taling Chan,72486
Phra Nakhon Si Ayutthaya,Bang Pa-In,Wat Yom,75003
Phra Nakhon Si Ayutthaya,Bang Pahan,Khayai,2870
Phra Nakhon Si Ayutthaya,Bang Pahan,Pho Sam Ton,33919
Phra Nakhon Si Ayutthaya,Bang Pahan,Phut Lao,34219
Phra Nakhon Si Ayutthaya,Bang Sai,Khok Chang,2021
Phra Nakhon Si Ayutthaya,Maha Rat,Ban Khwang,36004
Phra Nakhon Si Ayutthaya,Maha Rat,Ban Mai,11832
Phra Nakhon Si Ayutthaya,Maha Rat,Ban Na,40744
Phra Nakhon Si Ayutthaya,Maha Rat,Hua Phai,3423
Phra Nakhon Si Ayutthaya,Maha Rat,Tha To,96709
Phra Nakhon Si Ayutthaya,Nakhon Luang,Bo Phong,68470
Phra Nakhon Si Ayutthaya,Phra Nakhon Si Ayutthaya,Ban Ko,8603
Phra Nakhon Si Ayutthaya,Phra Nakhon Si Ayutthaya,Ban Mai,39418
Phra Nakhon Si Ayutthaya,Phra Nakhon Si Ayutthaya,Ban Pom,19001
Phra Nakhon Si Ayutthaya,Phra Nakhon Si Ayutthaya,Ban Run,96291
Phra Nakhon Si Ayutthaya,Phra Nakhon Si Ayutthaya,Han Tra,66770
Phra Nakhon Si Ayutthaya,Phra Nakhon Si Ayutthaya,Ho Rattana Chai,16220
Phra Nakhon Si Ayutthaya,Phra Nakhon Si Ayutthaya,Hua Ro,21743
Phra Nakhon Si Ayutthaya,Phra Nakhon Si Ayutthaya,Kamang,67667
Phra Nakhon Si Ayutthaya,Phra Nakhon Si Ayutthaya,Khlong Sa Bua,6945
Phra Nakhon Si Ayutthaya,Phra Nakhon Si Ayutthaya,Khlong Suan Phlu,24527
Phra Nakhon Si Ayutthaya,Phra Nakhon Si Ayutthaya,Khlong Takhian,67607
Phra Nakhon Si Ayutthaya,Phra Nakhon Si Ayutthaya,Ko Rian,97287
Phra Nakhon Si Ayutthaya,Phra Nakhon Si Ayutthaya,Lumphli,21382
Phra Nakhon Si Ayutthaya,Phra Nakhon Si Ayutthaya,Pak Kran,67806
Phra Nakhon Si Ayutthaya,Phra Nakhon Si Ayutthaya,Phai Ling,88785
Phra Nakhon Si Ayutthaya,Phra Nakhon Si Ayutthaya,Phu Khao Thong,5097
Phra Nakhon Si Ayutthaya,Phra Nakhon Si Ayutthaya,Pratu Chai,28427
Phra Nakhon Si Ayutthaya,Phra Nakhon Si Ayutthaya,Samphao Lom,48301
Phra Nakhon Si Ayutthaya,Phra Nakhon Si Ayutthaya,Suan Phrik,65242
Phra Nakhon Si Ayutthaya,Phra Nakhon Si Ayutthaya,Tha Wasukri,4605
Phra Nakhon Si Ayutthaya,Phra Nakhon Si Ayutthaya,Wat Tum,68717
Phra Nakhon Si Ayutthaya,Uthai,Ban Chang,85684
Phra Nakhon Si Ayutthaya,Uthai,Ban Hip,70724
Phra Nakhon Si Ayutthaya,Uthai,Khan Ham,79769
Phra Nakhon Si Ayutthaya,Uthai,Khao Mao,88045
Phra Nakhon Si Ayutthaya,Uthai,Sam Bandit,97487
Phra Nakhon Si Ayutthaya,Uthai,Thanu,25756
Phra Nakhon Si Ayutthaya,Uthai,Uthai,50108
Phra Nakhon Si Ayutthaya,Wang Noi,Bo Ta Lo,791
Phra Nakhon Si Ayutthaya,Wang Noi,Chamaep,71049
Phra Nakhon Si Ayutthaya,Wang Noi,Lam Sai,34596
Phra Nakhon Si Ayutthaya,Wang Noi,Lam Ta Sao,24322
Phra Nakhon Si Ayutthaya,Wang Noi,Phayom,80563
Phra Nakhon Si Ayutthaya,Wang Noi,Wang Chula,95196
Phra Nakhon Si Ayutthaya,Wang Noi,Wang Noi,13849
Phrae,Mueang Phrae,Ban Thin,71958
Phrae,Mueang Phrae,Cho Hae,32622
Phrae,Mueang Phrae,Kanchana,85971
Phrae,Mueang Phrae,Mueang Mo,26446
Phrae,Mueang Phrae,Na Chak,29437
Phrae,Mueang Phrae,Nai Wiang,68369
Phrae,Mueang Phrae,Pa Daeng,76835
Phrae,Mueang Phrae,Pa Maet,21325
Phrae,Mueang Phrae,Rong Fong,32665
Phrae,Mueang Phrae,Thung Hong,19236
Phrae,Mueang Phrae,Thung Kwao,20947
Phrae,Sung Men,Ban Kat,80048
Phrae,Sung Men,Ban Kwang,67153
Phrae,Sung Men,Ban Lao,21962
Phrae,Sung Men,Don Mun,32638
Phrae,Sung Men,Hua Fai,96040
Phrae,Sung Men,Nam Cham,77156
Phrae,Sung Men,Phra Luang,61752
Phrae,Sung Men,Rong Kat,89388
Phrae,Sung Men,Sop Sai,66172
Phrae,Sung Men,Sung Men,23222
Phrae,Sung Men,Wiang Thong,70702
Phuket,Kathu,Kathu,30508
Phuket,Mueang Phuket,Chalong,5607
Phuket,Mueang Phuket,Ko Kaeo,31448
Phuket,Mueang Phuket,Ratsada,69292
Phuket,Mueang Phuket,Rawai,63300
Phuket,Mueang Phuket,Talat Nuea,45292
Phuket,Mueang Phuket,Talat Yai,63638
Phuket,Mueang Phuket,Wichit,64497
Phuket,Thalang,Choeng Thale,9108
Phuket,Thalang,Si Sunthon,50770
Phuket,Thalang,Thep Krasattri,63735
Prachin Buri,Mueang Prachin Buri,Ban Phra,93710
Prachin Buri,Mueang Prachin Buri,Bang Boribun,79007
Prachin Buri,Mueang Prachin Buri,Dong Khi Lek,2194
Prachin Buri,Mueang Prachin Buri,Dong Phraram,38200
Prachin Buri,Mueang Prachin Buri,Khok Mai Lai,27194
Prachin Buri,Mueang Prachin Buri,Mai Khet,26726
Prachin Buri,Mueang Prachin Buri,Na Mueang,16239
Prachin Buri,Mueang Prachin Buri,Noen Hom,71140
Prachin Buri,Mueang Prachin Buri,Non Hom,8717
Prachin Buri,Mueang Prachin Buri,Rop Mueang,89833
Prachin Buri,Mueang Prachin Buri,Tha Ngam,20374
Prachin Buri,Si Maha Phot,Krok Sombun,4850
Prachin Buri,Si Maha Phot,Si Maha Phot,33390
Prachin Buri,Si Maha Phot,Tha Tum,79745
Ranong,Mueang Ranong,Bang Non,94316
Ranong,Mueang Ranong,Bang Rin,64051
Ranong,Mueang Ranong,Khao Niwet,9775
Ranong,Mueang Ranong,Pak Nam,54276
Ratchaburi,Ban Pong,Ban Pong,1850
Ratchaburi,Ban Pong,Boek Phrai,22439
Ratchaburi,Ban Pong,Lat Bua Khao,96491
Ratchaburi,Ban Pong,Nakhon Chum,9802
Ratchaburi,Ban Pong,Nong Kop,82169
Ratchaburi,Ban Pong,Nong O,54027
Ratchaburi,Ban Pong,Pak Raet,78345
Ratchaburi,Ban Pong,Suan Kluai,50378
Ratchaburi,Ban Pong,Tha Pha,30717
Ratchaburi,Bang Phae,Wang Yen,17202
Ratchaburi,Mueang Ratchaburi,Ban Rai,49671
Ratchaburi,Mueang Ratchaburi,Chedi Hak,48470
Ratchaburi,Mueang Ratchaburi,Don Tako,71082
Ratchaburi,Mueang Ratchaburi,Khok Mo,57984
Ratchaburi,Mueang Ratchaburi,Khu Bua,32753
Ratchaburi,Mueang Ratchaburi,Lum Din,67347
Ratchaburi,Mueang Ratchaburi,Na Mueang,87061
Ratchaburi,Mueang Ratchaburi,Phong Sawai,31789
Ratchaburi,Photharam,Ban Khong,95988
Ratchaburi,Photharam,Ban Lueak,61410
Ratchaburi,Photharam,Ban Sing,30338
Ratchaburi,Photharam,Khlong Ta Kot,99720
Ratchaburi,Photharam,Photharam,98250
Rayong,Ban Chang,Ban Chang,20749
Rayong,Ban Chang,Phla,54161
Rayong,Ban Chang,Samnak Thon,37494
Rayong,Ban Khai,Nong Taphan,61949
Rayong,Ban Khai,Ta Khan,87298
Rayong,Mueang Rayong,Ban Laeng,55576
Rayong,Mueang Rayong,Choeng Noen,9109
Rayong,Mueang Rayong,Huai Pong,55845
Rayong,Mueang Rayong,Maptaphut,32254
Rayong,Mueang Rayong,Na Ta Khwan,58186
Rayong,Mueang Rayong,Nam Khok,88811
Rayong,Mueang Rayong,Noen Phra,17409
Rayong,Mueang Rayong,Pak Nam,51160
Rayong,Mueang Rayong,Phe,90660
Rayong,Mueang Rayong,Taphong,51907
Rayong,Mueang Rayong,Tha Pradu,12752
Rayong,Mueang Rayong,Thap Ma,25674
Rayong,Nikhom Phatthana,Map Kha,38158
Rayong,Pluak Daeng,Ta Sit,64067
Roi Et,Mueang Roi Et,Dong Lan,32444
Roi Et,Mueang Roi Et,Khon Kaen,90335
Roi Et,Mueang Roi Et,Nai Mueang,62379
Roi Et,Mueang Roi Et,Nong Waeng,92393
Roi Et,Mueang Roi Et,Nuea Mueang,68413
Roi Et,Mueang Roi Et,Rop Mueang,25221
Roi Et,Thawat Buri,Niwet,45815
Sa Kaeo,Aranyaprathet,Aranyaprathet,87595
Sa Kaeo,Aranyaprathet,Ban Mai Nong Sai,48151
Sa Kaeo,Aranyaprathet,Fak Huai,51618
Sa Kaeo,Aranyaprathet,Pa Rai,47393
Sa Kaeo,Aranyaprathet,Tha Kham,28812
Sa Kaeo,Mueang Sa Kaeo,Nong Bon,60296
Sa Kaeo,Mueang Sa Kaeo,Sa Kaeo,59546
Sa Kaeo,Mueang Sa Kaeo,Tha Kasem,83144
Sakon Nakhon,Mueang Sakon Nakhon,Dong Mafai,67485
Sakon Nakhon,Mueang Sakon Nakhon,Hang Hong,5942
Sakon Nakhon,Mueang Sakon Nakhon,Huai Yang,46675
Sakon Nakhon,Mueang Sakon Nakhon,Ngio Don,67525
Sakon Nakhon,Mueang Sakon Nakhon,Phang Khwang,84092
Sakon Nakhon,Mueang Sakon Nakhon,That Choeng Chum,36471
Sakon Nakhon,Mueang Sakon Nakhon,That Naweng,94306
Samut Prakan,Bang Bo,Bang Bo,63132
Samut Prakan,Bang Bo,Bang Phriang,77956
Samut Prakan,Bang Bo,Khlong Dan,48738
Samut Prakan,Bang Bo,Preng,9359
Samut Prakan,Bang Phli,Bang Chalong,54674
Samut Prakan,Bang Phli,Bang Kaeo,35292
Samut Prakan,Bang Phli,Bang Phli Yai,80534
Samut Prakan,Bang Phli,Bang Pla,63081
Samut Prakan,Bang Phli,Nong Prue,55328
Samut Prakan,Bang Phli,Racha Thewa,48870
Samut Prakan,Bang Sao Thong,Bang Sao Thong,63361
Samut Prakan,Bang Sao Thong,Sisa Chorakhe Noi,44675
Samut Prakan,Bang Sao Thong,Sisa Chorakhe Yai,94313
Samut Prakan,Mueang Samut Prakan,Bang Duan,10623
Samut Prakan,Mueang Samut Prakan,Bang Mueang,61308
Samut Prakan,Mueang Samut Prakan,Bang Mueang Mai,48973
Samut Prakan,Mueang Samut Prakan,Bang Prong,89485
Samut Prakan,Mueang Samut Prakan,Bang Pu,14172
Samut Prakan,Mueang Samut Prakan,Bang Pu Mai,2669
Samut Prakan,Mueang Samut Prakan,Pak Nam,56153
Samut Prakan,Mueang Samut Prakan,Phraeksa,37526
Samut Prakan,Mueang Samut Prakan,Phraeksa Mai,53798
Samut Prakan,Mueang Samut Prakan,Samrong Nuea,530
Samut Prakan,Mueang Samut Prakan,Thai Ban,73648
Samut Prakan,Mueang Samut Prakan,Thai Ban Mai,89741
Samut Prakan,Mueang Samut Prakan,Thepharak,97868
Samut Prakan,Phra Pradaeng,Bang Chak,33642
Samut Prakan,Phra Pradaeng,Bang Hua Suea,40524
Samut Prakan,Phra Pradaeng,Bang Kachao,7427
Samut Prakan,Phra Pradaeng,Bang Khru,98049
Samut Prakan,Phra Pradaeng,Bang Ko Bua,35252
Samut Prakan,Phra Pradaeng,Bang Krasop,49548
Samut Prakan,Phra Pradaeng,Bang Nam Phueng,83628
Samut Prakan,Phra Pradaeng,Bang Phueng,94406
Samut Prakan,Phra Pradaeng,Bang Ya Phraek,54704
Samut Prakan,Phra Pradaeng,Bang Yo,25505
Samut Prakan,Phra Pradaeng,Samrong,17229
Samut Prakan,Phra Pradaeng,Samrong Klang,154
Samut Prakan,Phra Pradaeng,Samrong Tai,19764
Samut Prakan,Phra Pradaeng,Song Khanong,94423
Samut Prakan,Phra Pradaeng,Talat,4274
Samut Prakan,Phra Samut Chedi,Ban Khlong Suan,22252
Samut Prakan,Phra Samut Chedi,Laem Fa Pha,65043
Samut Prakan,Phra Samut Chedi,Na Kluea,45539
Samut Prakan,Phra Samut Chedi,Nai Khlong Bang Pla Kot,70991
Samut Prakan,Phra Samut Chedi,Pak Khlong Bang Pla Kot,28588
Samut Sakhon,Ban Phaeo,Ban Phaeo,2702
Samut Sakhon,Ban Phaeo,Lak Sam,87704
Samut Sakhon,Ban Phaeo,Nong Bua,84303
Samut Sakhon,Ban Phaeo,Rong Khe,54516
Samut Sakhon,Ban Phaeo,Suan Som,92201
Samut Sakhon,Ban Phaeo,Yok Krabat,4307
Samut Sakhon,Krathum Baen,Bang Yang,57295
Samut Sakhon,Krathum Baen,Don Kai Di,60158
Samut Sakhon,Krathum Baen,Khae Rai,30758
Samut Sakhon,Krathum Baen,Khlong Maduea,13568
Samut Sakhon,Krathum Baen,Om Noi,90512
Samut Sakhon,Krathum Baen,Suan Luang,99754
Samut Sakhon,Krathum Baen,Talat Krathum Baen,29244
Samut Sakhon,Krathum Baen,Tha Mai,17212
Samut Sakhon,Krathum Baen,Tha Sao,22811
Samut Sakhon,Mueang Samut Sakhon,Ban Bo,49851
Samut Sakhon,Mueang Samut Sakhon,Ban Ko,5083
Samut Sakhon,Mueang Samut Sakhon,Bang Krachao,63132
Samut Sakhon,Mueang Samut Sakhon,Bang Nam Chuet,99941
Samut Sakhon,Mueang Samut Sakhon,Bang Thorat,49771
Samut Sakhon,Mueang Samut Sakhon,Bang Ya Phraek,67101
Samut Sakhon,Mueang Samut Sakhon,Chai Mongkhon,38018
Samut Sakhon,Mueang Samut Sakhon,Kalong,80647
Samut Sakhon,Mueang Samut Sakhon,Khok Kham,3981
Samut Sakhon,Mueang Samut Sakhon,Khok Krabue,24339
Samut Sakhon,Mueang Samut Sakhon,Krok Krak,68175
Samut Sakhon,Mueang Samut Sakhon,Mahachai,22813
Samut Sakhon,Mueang Samut Sakhon,Na Di,72481
Samut Sakhon,Mueang Samut Sakhon,Na Khok,70201
Samut Sakhon,Mueang Samut Sakhon,Phanthai Norasing,3286
Samut Sakhon,Mueang Samut Sakhon,Tha Chalom,52134
Samut Sakhon,Mueang Samut Sakhon,Tha Chin,79742
Samut Sakhon,Mueang Samut Sakhon,Tha Sai,25259
Samut Songkhram,Amphawa,Amphawa,98025
Samut Songkhram,Amphawa,Bang Chang,71030
Samut Songkhram,Amphawa,Bang Khae,51371
Samut Songkhram,Amphawa,Bang Nang Li,23239
Samut Songkhram,Amphawa,Khwae Om,1731
Samut Songkhram,Amphawa,Plai Phongphang,67387
Samut Songkhram,Amphawa,Suan Luang,26297
Samut Songkhram,Amphawa,Tha Kha,5393
Samut Songkhram,Mueang Samut Songkhram,Ban Prok,20808
Samut Songkhram,Mueang Samut Songkhram,Bang Chakreng,69821
Samut Songkhram,Mueang Samut Songkhram,Bang Kaeo,15285
Samut Songkhram,Mueang Samut Songkhram,Bang Khan Taek,51465
Samut Songkhram,Mueang Samut Songkhram,Khlong Khoen,60367
Samut Songkhram,Mueang Samut Songkhram,Khlong Khon,84644
Samut Songkhram,Mueang Samut Songkhram,Laem Yai,12532
Samut Songkhram,Mueang Samut Songkhram,Lat Yai,45653
Samut Songkhram,Mueang Samut Songkhram,Mae Klong,48474
Samut Songkhram,Mueang Samut Songkhram,Nang Takhian,45150
Samut Songkhram,Mueang Samut Songkhram,Thai Hat,60404
Saraburi,Chaloem Phra Kiat,Phueng Ruang,72409
Saraburi,Kaeng Khoi,Ban Pa,19386
Saraburi,Kaeng Khoi,Kaeng Khoi,96933
Saraburi,Kaeng Khoi,Tan Diao,85094
Saraburi,Mueang Saraburi,Dao Rueang,67938
Saraburi,Mueang Saraburi,Khok Sawang,80924
Saraburi,Mueang Saraburi,Na Chong,81605
Saraburi,Mueang Saraburi,Nong Pla Lai,55811
Saraburi,Mueang Saraburi,Pak Khao San,64162
Saraburi,Mueang Saraburi,Pak Phriao,51144
Saraburi,Mueang Saraburi,Takut,97828
Saraburi,Mueang Saraburi,Taling Chan,72267
Saraburi,Sao Hai,Suan Dokmai,63659
Satun,Mueang Satun,Khlong Khut,66286
Satun,Mueang Satun,Khuan Khan,16054
Satun,Mueang Satun,Phiman,13758
Si Sa Ket,Mueang Si Sa Ket,Mueang Nuea,43802
Si Sa Ket,Mueang Si Sa Ket,Mueang Tai,62671
Si Sa Ket,Mueang Si Sa Ket,Nam Kham,31633
Si Sa Ket,Mueang Si Sa Ket,Nong Khrok,83516
Si Sa Ket,Mueang Si Sa Ket,Nong Phai,78664
Si Sa Ket,Mueang Si Sa Ket,Pho,33682
Si Sa Ket,Mueang Si Sa Ket,Phon Kha,14063
Si Sa Ket,Mueang Si Sa Ket,Sam,74978
Si Sa Ket,Mueang Si Sa Ket,Ya Plong,88379
Sing Buri,Mueang Sing Buri,Bang Krabue,92846
Sing Buri,Mueang Sing Buri,Bang Man,92452
Sing Buri,Mueang Sing Buri,Bang Phutsa,26121
Sing Buri,Mueang Sing Buri,Muang Mu,67061
Sing Buri,Mueang Sing Buri,Phok Ruam,61730
Sing Buri,Mueang Sing Buri,Ton Pho,52706
Sing Buri,Phrom Buri,Hua Pa,92127
Sing Buri,Phrom Buri,Phrom Buri,51154
Songkhla,Bang Klam,Ban Han,20340
Songkhla,Bang Klam,Mae Thom,40369
Songkhla,Bang Klam,Tha Chang,47194
Songkhla,Chana,Na Thap,81427
Songkhla,Hat Yai,Ban Phru,65161
Songkhla,Hat Yai,Chalung,71449
Songkhla,Hat Yai,Hat Yai,18522
Songkhla,Hat Yai,Khlong Hae,53168
Songkhla,Hat Yai,Khlong U Taphao,90643
Songkhla,Hat Yai,Kho Hong,63969
Songkhla,Hat Yai,Khu Tao,25772
Songkhla,Hat Yai,Khuan Lang,10325
Songkhla,Hat Yai,Nam Noi,92480
Songkhla,Hat Yai,Tha Kham,691
Songkhla,Hat Yai,Thung Tam Sao,36001
Songkhla,Hat Yai,Thung Yai,23946
Songkhla,Khlong Hoi Khong,Khlong La,975
Songkhla,Khlong Hoi Khong,Khok Muang,84430
Songkhla,Khlong Hoi Khong,Thung Lan,51389
Songkhla,Mueang Songkhla,Bo Yang,26020
Songkhla,Mueang Songkhla,Khao Rup Chang,41070
Songkhla,Mueang Songkhla,Ko Taeo,96778
Songkhla,Mueang Songkhla,Ko Yo,28057
Songkhla,Mueang Songkhla,Phawong,29844
Songkhla,Mueang Songkhla,Thung Wang,1847
Songkhla,Na Mom,Na Mom,8962
Sukhothai,Mueang Sukhothai,Ban Kluai,347
Sukhothai,Mueang Sukhothai,Ban Lum,13935
Sukhothai,Mueang Sukhothai,Ban Suan,10984
Sukhothai,Mueang Sukhothai,Mueang Kao,37676
Sukhothai,Mueang Sukhothai,Pak Khwae,78668
Sukhothai,Mueang Sukhothai,Thani,90465
Sukhothai,Mueang Sukhothai,Yang Sai,72333
Sukhothai,Si Samrong,Thap Phueng,44299
Suphan Buri,Bang Pla Ma,Ban Laem,88353
Suphan Buri,Bang Pla Ma,Bang Pla Ma,43379
Suphan Buri,Bang Pla Ma,Khok Khram,45452
Suphan Buri,Bang Pla Ma,Takha,26534
Suphan Buri,Mueang Suphan Buri,Ban Pho,31774
Suphan Buri,Mueang Suphan Buri,Don Kamyan,7307
Suphan Buri,Mueang Suphan Buri,Don Pho Thong,26178
Suphan Buri,Mueang Suphan Buri,Phai Khwang,99219
Suphan Buri,Mueang Suphan Buri,Phihan Daeng,46610
Suphan Buri,Mueang Suphan Buri,Pho Phraya,27768
Suphan Buri,Mueang Suphan Buri,Rua Yai,47512
Suphan Buri,Mueang Suphan Buri,Sanam Chai,8397
Suphan Buri,Mueang Suphan Buri,Tha Phi Liang,16961
Suphan Buri,Mueang Suphan Buri,Tha Rahat,85351
Suphan Buri,Mueang Suphan Buri,Thap Ti Lek,91010
Suphan Buri,Si Prachan,Mot Daeng,4716
Suphan Buri,Si Prachan,Wang Yang,7093
Surat Thani,Kanchanadit,Tha Thong Mai,87205
Surat Thani,Kanchanadit,Thung Kong,60491
Surat Thani,Ko Samui,Bo Phut,5685
Surat Thani,Ko Samui,Maenam,93624
Surat Thani,Mueang Surat Thani,Bang Bai Mai,93007
Surat Thani,Mueang Surat Thani,Bang Chana,52072
Surat Thani,Mueang Surat Thani,Bang Kung,30933
Surat Thani,Mueang Surat Thani,Bang Sai,17461
Surat Thani,Mueang Surat Thani,Khun Thale,44568
Surat Thani,Mueang Surat Thani,Makham Tia,52407
Surat Thani,Mueang Surat Thani,Talat,71990
Surat Thani,Mueang Surat Thani,Wat Pradu,9415
Surat Thani,Phunphin,Tha Kham,27915
Surin,Mueang Surin,Kae Yai,95000
Surin,Mueang Surin,Nai Mueang,28430
Surin,Mueang Surin,Nok Mueang,16153
Surin,Mueang Surin,Salak Dai,85027
Surin,Mueang Surin,Tha Sawang,8680
Tak,Mae Sot,Mae Pa,10930
Tak,Mae Sot,Mae Sot,64721
Tak,Mae Sot,Mae Tao,48114
Tak,Mae Sot,Phrathat Pha Daeng,42604
Tak,Mae Sot,Tha Sai Luat,64996
Tak,Mueang Tak,Chiang Ngoen,35442
Tak,Mueang Tak,Hua Diat,99181
Tak,Mueang Tak,Mae Tho,84665
Tak,Mueang Tak,Mai Ngam,16413
Tak,Mueang Tak,Nam Ruem,79234
Tak,Mueang Tak,Nong Bua Nuea,17912
Tak,Mueang Tak,Nong Bua Tai,60832
Tak,Mueang Tak,Nong Luang,93861
Tak,Mueang Tak,Pa Mamuang,67339
Tak,Mueang Tak,Rahaeng,34877
Tak,Mueang Tak,Wang Hin,73189
Trang,Mueang Trang,Ban Khuan,64987
Trang,Mueang Trang,Ban Pho,36686
Trang,Mueang Trang,Bang Rak,87482
Trang,Mueang Trang,Khok Lo,62435
Trang,Mueang Trang,Khuan Pring,16659
Trang,Mueang Trang,Na Ta Luang,10945
Trang,Mueang Trang,Thap Thiang,5582
Trat,Mueang Trat,Bang Phra,17855
Trat,Mueang Trat,Nong Samet,40902
Trat,Mueang Trat,Wang Krachae,14648
Udon Thani,Mueang Udon Thani,Ban Chan,60983
Udon Thani,Mueang Udon Thani,Ban Lueam,46316
Udon Thani,Mueang Udon Thani,Chiang Phin,63215
Udon Thani,Mueang Udon Thani,Chiang Yuen,95607
Udon Thani,Mueang Udon Thani,Kut Sa,99138
Udon Thani,Mueang Udon Thani,Mak Khaeng,63779
Udon Thani,Mueang Udon Thani,Mu Mon,24072
Udon Thani,Mueang Udon Thani,Na Di,39195
Udon Thani,Mueang Udon Thani,Na Kha,55763
Udon Thani,Mueang Udon Thani,Na Kwang,19265
Udon Thani,Mueang Udon Thani,Nong Bua,13017
Udon Thani,Mueang Udon Thani,Nong Khon Kwang,7981
Udon Thani,Mueang Udon Thani,Nong Na Kham,52459
Udon Thani,Mueang Udon Thani,Sam Phrao,33885
Yala,Mueang Yala,Sateng,40078
Yala,Mueang Yala,Sateng Nok,22178
Yala,Mueang Yala,Yu Po,69549
Yasothon,Mueang Yasothon,Khueang Kham,93751
Yasothon,Mueang Yasothon,Nai Mueang,14832
Yasothon,Mueang Yasothon,Nam Kham Yai,63644
Yasothon,Mueang Yasothon,Samran,40995
Yasothon,Mueang Yasothon,Tat Thong,64971
